ignX,ignY,windDir,windSpeed,duration
362,354,57.0,15.248144255824899,1.8146256971333967
117,184,311.0,13.315917287601515,1.2622777631460655
160,135,84.0,15.97720409661591,1.1918108961240121
144,173,273.0,23.008720496468626,1.804623143582158
307,254,76.0,20.96267652076671,1.5619086273556166
247,192,321.0,21.539451516487972,2.3590269903885153
232,239,62.0,30.977790356602377,1.7799777347490784
249,276,293.0,24.116905508325956,1.2722995342005974
162,236,41.0,23.60445546167199,2.3084646808565665
264,335,356.0,18.4057617889302,3.396689283164206
194,151,27.0,12.399424335473046,1.4505442620892777
105,14,312.0,23.904778456536704,1.3606814222900014
87,284,17.0,16.31441509294703,1.613788881637099
348,126,282.0,7.336690902528897,2.0123333089547386
223,145,62.0,19.21196310998948,2.20602746638183
263,149,313.0,14.605095966776524,2.7896279226969716
167,274,40.0,30.30776136469543,1.2340177842125328
155,360,306.0,14.11419528693633,3.317430237651007
33,398,84.0,12.996810118043085,2.1755531007414715
186,160,319.0,13.849073158267664,2.2452003006315406
345,5,32.0,19.00384684301874,2.289056165424949
76,66,324.0,20.810041938100678,2.3635496138879266
42,257,42.0,13.529753516696388,1.742752657752513
48,175,320.0,11.013704113118436,1.683363015519859
7,202,39.0,22.303276712974228,2.3205482509988116
364,50,332.0,21.03408079991695,2.063663860405243
199,77,10.0,13.173459137426473,2.339435961510705
203,396,345.0,32.28351317359343,1.9095666783540464
349,379,46.0,20.672382429729883,2.098715408813719
250,288,325.0,17.915637787959653,1.410905955490098
237,62,43.0,24.67535711422762,1.6739846577667024
263,182,279.0,20.61287643370407,1.5824267820931632
302,17,22.0,27.968572341806674,2.079642636098953
218,193,316.0,22.42123579120667,1.6475043365815705
248,268,82.0,30.090593300967434,1.7300187736633914
308,227,354.0,25.535507455187652,1.5748499965598548
165,155,62.0,18.831838327870944,2.1241087367950326
202,186,344.0,17.676067989786322,2.301551817674795
296,378,82.0,32.46154644591274,1.6415419340185438
206,294,347.0,16.8785200278678,1.1345243460342673
236,96,38.0,22.087449822182997,1.583229904109018
258,275,316.0,29.733694104852077,2.5801442411472775
153,166,29.0,32.168169697902,2.1917079464108236
160,231,283.0,24.478350303149274,2.8620209333680693
253,126,0.0,25.456189143002447,1.5064299545735162
120,99,330.0,17.777460401145895,2.210274484458314
183,388,15.0,12.89380322281539,2.126732465400463
336,3,356.0,34.39789966945303,1.6728143607690567
141,172,45.0,4.527539856494487,2.604020869149455
232,283,308.0,17.49649078914781,2.6237159777272323
344,173,11.0,21.553565433137504,1.8712910202352093
110,283,328.0,11.755021985912332,1.364673796998087
226,200,65.0,10.510319051206128,2.1911478555327184
312,125,294.0,19.84677794421693,1.225372130718374
152,384,0.0,29.674605916836775,2.5131458425155566
262,125,316.0,18.655045015356635,2.7365271353913356
42,186,82.0,25.969676168788578,2.5106639884554554
293,65,327.0,19.702232711605824,2.789925686666621
328,305,61.0,21.959812065808705,2.3235010169340833
348,357,340.0,13.983733014685045,3.1695118228507395
310,76,84.0,23.977230116833397,2.0123338114937486
55,195,275.0,19.310597825586278,1.9858953176355996
143,341,11.0,23.342161857527223,2.5424757558972972
173,191,272.0,22.657154409964424,2.268440496301767
52,141,86.0,15.968463433707766,2.4852933448776713
26,30,301.0,22.80295649985628,1.7601331313247246
75,320,70.0,14.9574388654523,2.119473217830759
75,41,294.0,14.805520671967594,1.3465868608605702
221,167,31.0,15.889268666267654,1.0335377635803225
182,295,311.0,16.50689892197148,2.6541013393297135
10,122,66.0,7.376939513870669,2.699156819275271
352,109,350.0,0.0,1.955567946819599
297,106,51.0,23.942224355162995,2.0868005004416985
245,73,350.0,20.621085576376775,2.1310264528591234
95,365,56.0,24.479907205375167,1.9898009587944372
233,188,325.0,21.972350354455926,2.4049177584766177
358,7,49.0,28.520191912556356,1.4521296841157527
363,86,307.0,28.15379545953225,2.3592708576296237
85,111,67.0,20.301968105059224,2.594430186127649
197,207,284.0,18.670867189336022,2.096570026237688
170,377,57.0,11.929498311704576,3.260248193456538
72,134,310.0,30.683880787966743,1.9364886663146053
384,190,39.0,33.08443513891164,2.039442614952627
340,320,350.0,27.298077928160957,1.245600488310465
359,31,44.0,13.422292028471713,2.4697424258209137
367,254,313.0,26.46811390527983,2.1393511630660402
34,258,53.0,23.062375282347297,2.1993211348336095
314,375,350.0,21.768385888173473,1.7019505160001844
113,6,63.0,14.26510277656255,2.753046426100772
123,79,288.0,30.614411070206803,1.4539112222113348
142,194,66.0,15.861378616141689,2.526389313752478
207,135,336.0,28.285117721842585,2.0962430463833854
346,182,10.0,15.379163627718103,2.8116509502911575
278,248,270.0,17.77958420142648,2.916976756733918
204,351,84.0,21.74620206621678,2.0963411829464564
148,247,311.0,16.98151138063189,2.174514970482288
244,311,39.0,12.990424385007032,2.9108721217591147
398,30,303.0,32.434959291372664,1.5033822556353933
396,246,42.0,39.576926585231675,0.45783484554923715
388,162,310.0,15.867665386527438,2.0552999207472253
188,45,12.0,23.201968028674525,2.072853824841592
94,61,306.0,13.408166607156433,1.8494829329842926
139,257,64.0,7.6722697491233,2.6097515324583864
150,234,279.0,15.028017590915772,1.5745913995289869
191,85,14.0,19.518399549303037,1.668358149763868
246,242,331.0,25.2058451294966,1.8460175393694338
184,71,56.0,31.47820216917968,1.7961183921125559
319,372,340.0,20.84986810348079,1.0012909507123888
89,203,65.0,28.376339522195362,1.9132490444238757
161,160,334.0,15.609847716325316,2.331483657546562
173,218,66.0,21.07729623573368,2.4925429252826476
213,271,329.0,20.774225250255572,0.595700311739433
13,211,39.0,26.586910959156086,2.2646255495917953
392,123,349.0,14.848100063855387,3.105479318732071
177,214,85.0,16.823502908686912,2.511726304785908
23,343,319.0,13.95522687809509,2.333924434282263
212,168,42.0,16.08184260935941,1.9930322584178768
153,291,345.0,22.976057769421146,1.5902064720381843
61,179,37.0,16.124722235264297,2.375087748219166
96,101,281.0,7.623595121112244,2.238607496763091
168,303,49.0,13.779364148613052,1.9346832203214583
108,291,352.0,16.738574743068714,2.5892316951352132
182,163,17.0,14.596526065759416,2.3115138466891856
147,186,346.0,22.17145409762854,2.557041173376353
259,9,86.0,22.02642691489302,1.4337522471177233
280,123,339.0,24.52119284655823,2.5434529564065755
238,205,76.0,11.653857084016828,2.750878968516538
90,274,315.0,28.043777241065424,2.641454319090847
230,176,74.0,20.60411192348788,1.7614392874387366
118,284,345.0,0.0,2.0409814124565653
246,394,58.0,8.348914965440667,2.835262079619035
69,235,293.0,17.75899383426955,2.2945559125901505
197,145,14.0,13.127193429239673,1.2686270627029212
383,42,276.0,19.91247254286389,1.7543469993119423
365,213,17.0,18.102304601266102,2.859538902442421
166,188,300.0,27.16741331615651,2.151742763825983
254,339,32.0,13.156304685046443,2.163820361307521
327,105,324.0,12.621735668453667,1.5732753381349014
253,108,2.0,32.56976814394937,2.673946278318273
288,145,341.0,15.028707409614913,1.5773840518555924
34,53,40.0,9.465138745494663,2.4073940706309536
103,182,324.0,19.04826636862696,2.6902230637217097
203,245,50.0,12.679621583571821,2.504195957291182
60,253,305.0,18.714727926579712,0.9915571796981106
66,115,22.0,21.734922275878084,1.8324334837097263
65,246,307.0,15.987703665845125,1.314638797890823
325,207,19.0,16.256297932523072,1.995035169520346
305,145,284.0,19.966083345803114,1.993632860333575
129,311,64.0,24.139751758276006,2.7685065096565333
58,209,342.0,22.177474539966287,2.5576687393063744
165,235,39.0,25.483855697265913,2.1117920158145367
54,153,318.0,18.94279905533991,2.7740130661036315
92,187,24.0,20.85523807626075,2.591427019726305
139,238,345.0,23.273877121774014,1.1425262555195246
261,92,69.0,15.334850438021842,2.0787312965080296
94,234,321.0,23.738359114262224,1.3170731696843911
171,129,74.0,16.613888155679913,2.3975715153181483
184,301,348.0,26.594569074573844,2.213679277059158
288,219,62.0,10.345557793669741,1.4024480320156945
118,189,348.0,18.974592131744622,1.0410748802806378
221,151,54.0,22.19019579037912,1.4869000271137915
244,308,285.0,14.866881133733322,1.357992645341424
221,99,61.0,11.507920774693225,2.1351440689972088
188,90,286.0,11.012848081284533,2.1360597230898106
161,194,29.0,33.59962564903003,2.0344126198073993
165,318,331.0,16.60647622388749,0.7066612170040238
234,127,53.0,14.898338040048275,1.8275655918655864
151,149,339.0,18.21311011377748,3.356818105678401
324,153,54.0,23.00364907570649,0.8961870820461784
269,164,290.0,33.32198458755761,1.3493540208720674
1,164,46.0,11.410751660862726,2.6667909081060452
223,155,321.0,23.42712232432557,1.8827228448573892
304,206,65.0,26.752051979665826,2.6456721603455753
190,197,304.0,3.6944827728495078,1.4809411734765958
271,385,77.0,8.77713462736896,2.1789858997497897
247,201,294.0,16.72083912058263,2.134257030995657
399,290,62.0,12.928557509488368,1.9010055267291401
8,362,338.0,11.178482753464916,1.6219256651107081
76,261,40.0,11.462638515473156,1.8277465731384253
271,221,300.0,27.158996673077507,1.1301508063865033
194,386,76.0,24.914121032906742,1.6855494247787863
182,40,313.0,22.837680560845307,2.480432310875065
94,203,60.0,14.874547970443672,2.8888334373019875
340,337,306.0,11.808674481120335,1.6688931654294963
160,171,66.0,11.312828519922626,2.3344499821518343
266,197,325.0,14.392672079993456,2.0663551843560466
342,84,78.0,25.57792487727258,1.444233828630021
151,284,287.0,32.771153376635425,1.8991694237225933
331,355,23.0,22.02584340261429,1.908165955941179
260,163,288.0,23.36051637132259,2.7434324180811007
170,162,18.0,12.472890791228746,2.5926814227791715
197,178,282.0,41.081563067865176,2.10788801196946
385,375,63.0,26.07184483792593,2.817971817268749
236,192,331.0,32.00076797163405,1.1290612535448403
67,182,56.0,10.435737046677119,2.0739259741646654
7,85,285.0,19.569639849837028,1.6428555853898965
167,140,79.0,28.304839516283366,2.4608213744128538
308,119,332.0,33.25540061395723,2.010271779918723
313,118,49.0,21.792106013160172,1.3318373358511608
51,216,339.0,20.352929279949883,2.1323913277584428
367,352,23.0,22.55440008304417,1.8369701911060192
41,211,289.0,5.318682498463389,1.9980181945746862
393,42,21.0,19.922891431961535,1.7025995945589851
285,301,345.0,18.1084918057735,1.7619401418931169
197,356,59.0,25.254074696678984,2.146277276401219
266,254,344.0,16.167901897463807,1.767483017510887
85,176,76.0,14.82353925845445,2.5114709191501574
99,133,332.0,9.539438492586237,1.5165592394574243
265,7,31.0,28.670355231685978,2.0235746437928674
211,288,289.0,19.00436922011403,1.4203853056431834
130,317,32.0,23.595640577912686,1.115763969548353
259,270,306.0,2.4348608595737353,1.8310878372541333
394,186,4.0,19.610894513892717,0.7105961370433098
208,126,348.0,19.40220077574873,2.0848524442080762
357,303,54.0,21.515989905767057,2.158534282495437
90,107,355.0,17.866180228098152,2.217338807733271
298,133,53.0,19.2533907956695,2.3574191998970564
173,298,303.0,12.859660689670385,2.12301701844789
284,395,20.0,26.50982484837313,1.865812289588494
101,204,340.0,28.298108307454953,1.8249314156546739
63,0,18.0,30.4997951934496,2.1219937276910086
24,145,283.0,21.325004040298637,2.8922505086860406
242,286,10.0,19.345455767828852,1.987263150883552
328,338,309.0,23.161232591837194,2.571967267769061
129,335,25.0,14.30436778012744,2.328534632239436
362,361,317.0,33.86680997618686,2.1679648990485316
112,163,13.0,26.433538063386138,1.6968950046197528
186,225,295.0,24.95635608842231,1.8485330445378814
176,238,26.0,16.137053728269336,2.127500206410816
99,252,340.0,27.121058920422826,2.141992997639423
251,393,68.0,27.674554495599153,2.47866344798979
57,382,306.0,33.292471998989186,1.3238759055238665
115,313,65.0,15.900894947240765,1.1889291782271005
280,224,287.0,26.863785982038948,1.7396154389343215
129,16,64.0,7.2964155002081235,2.3421061243694536
183,0,312.0,29.89128439278887,1.5954293439912823
181,222,6.0,32.41254195172193,2.4761987723736874
160,37,345.0,17.37716625870299,2.0078093123402994
174,69,57.0,19.575673661077538,1.9930485299657186
210,339,344.0,19.242044315453906,1.7732780076091774
314,150,70.0,9.968269971894514,1.7597918026349793
207,36,354.0,0.0,2.438324912820885
48,311,77.0,24.764257007504902,1.8053546344685574
343,399,289.0,30.46132890022109,1.5473576007606458
297,122,12.0,18.560849183656334,2.1510422757568293
165,131,337.0,6.927520960122907,1.7872284100989213
172,228,88.0,22.704364273470688,0.6308077917719577
290,284,347.0,16.015706181653957,2.6800811554454875
141,122,7.0,22.810033114202355,1.2283744694262064
40,197,338.0,20.64159880156384,2.3331861818276316
230,203,0.0,10.279055297764442,2.1826997129622168
250,335,303.0,15.667827255502438,1.8210452478036756
204,126,32.0,9.258263572350696,2.6291813682398395
330,52,317.0,23.724185486684096,2.4841929134859866
364,300,5.0,14.23434071014692,1.965202843431898
71,41,290.0,18.856390125723784,1.858072051612728
76,322,14.0,21.934797898020364,1.3862029403416494
181,243,345.0,18.340135593292597,2.09679860689468
270,173,63.0,10.451582029681274,1.1574815991028222
241,279,298.0,25.270121694756284,2.84561924240837
224,203,79.0,12.523343809806562,1.0161235112743874
68,262,284.0,17.955078260033194,2.0563018569692195
84,140,18.0,12.309001007312506,1.382190434036089
251,339,352.0,18.72536955796332,1.9676522017659277
193,228,18.0,28.473031242178678,2.74718135854701
194,250,355.0,20.630165290738248,2.0851707964523265
60,265,40.0,29.01038778868762,2.209772086678498
157,13,334.0,28.81148877657145,3.327618288435387
354,275,88.0,1.0018313046249467,2.2851610158534696
272,152,336.0,28.02112620200127,1.430657088053049
300,244,50.0,13.714015664430368,1.8456963072621542
309,123,345.0,4.638223196574712,2.608026810817593
386,100,52.0,24.36081622925045,2.657698505082429
380,317,312.0,19.26602854313254,1.7566596218597021
303,59,37.0,27.967134144592787,2.1638548930914663
133,238,280.0,21.038912844181127,1.5186017345769727
18,263,19.0,16.2083458632248,2.276762473059598
399,56,331.0,16.775781695453745,2.0491174346030547
69,357,31.0,31.561690145751967,1.5401933198677518
125,184,283.0,33.35014424982822,1.6801012211973594
53,92,55.0,14.361130594360985,2.577991279783349
224,148,301.0,20.892522018141456,1.6578811558923712
61,212,57.0,16.356251974583593,1.7602845883369829
48,38,345.0,28.296645970965383,1.6179227883798335
47,207,80.0,22.21436182865923,2.047441233939233
172,347,345.0,7.088270107918653,1.8898133650957047
228,220,73.0,10.13639312123247,1.8767542752713897
199,192,359.0,27.723613521812396,2.2124888054182215
303,380,46.0,20.876175491002638,0.6932924075613593
300,139,357.0,27.0427320630427,2.0407900693454355
223,75,65.0,23.770080842100267,1.8299287531661872
377,6,293.0,37.412440750613605,1.940753047522262
195,163,33.0,14.586708856074523,1.562274154323576
376,11,355.0,25.58428905561402,1.95280803523981
251,125,87.0,14.26776044579086,2.220033767842022
174,296,291.0,27.048446498995958,1.9341074271957108
181,399,35.0,12.83428176527703,1.7984581635589336
104,298,278.0,14.809591688549375,3.34082348459748
162,342,81.0,24.33701536023031,2.0903577423783446
15,236,287.0,25.753322382009774,1.5283307730169278
181,236,88.0,15.283238821181648,1.0505639315199624
266,233,345.0,15.190714202422978,2.3661488280433733
320,164,25.0,24.783306204624104,1.6496317029849912
77,305,301.0,25.629191429121555,1.7596964885982185
314,252,48.0,22.265388444811073,1.4423396322864925
167,197,323.0,21.981892015372374,2.105113329960112
70,251,42.0,25.8352911562085,2.4521554474023857
216,124,289.0,26.05791265145548,2.6639215555202425
25,395,46.0,15.353895558813967,1.7225539695441225
255,291,282.0,5.4850524676929435,1.8187514987341589
54,163,60.0,15.713387712204089,1.8739742512638564
189,207,333.0,23.906530835761558,1.719729343125629
80,121,76.0,27.99656230952536,2.0348017517783448
278,227,294.0,35.45819948109702,1.0828237457402548
236,221,52.0,15.527786421793003,2.20604506944518
139,258,327.0,14.770149542337052,2.1336456822664656
280,178,79.0,22.05741788481906,1.4428232122319886
138,241,315.0,19.879000762384035,1.3854290226613037
302,334,85.0,14.051997261182954,1.6166382471765728
256,167,318.0,19.566017440023487,1.7630602573799126
123,180,53.0,8.797967259995332,1.687508968099595
265,100,345.0,0.0,2.2336211213689996
186,140,75.0,0.0,1.9276445248629586
122,129,336.0,15.083936097382875,1.419462052417646
390,61,80.0,21.40934332150807,1.9557730889457479
241,162,333.0,21.12923386091561,1.0417181209661852
212,279,26.0,25.978717191509634,1.5333833236865357
201,195,297.0,17.896167645869717,2.3798249513757987
357,398,31.0,36.72317336592579,1.5449381709478451
80,257,312.0,18.808937319655797,1.8555531559748668
299,311,33.0,13.392388257729518,1.5536290041218392
130,155,326.0,8.014047498097938,1.7110842978137764
182,191,19.0,16.52329462792036,1.573083989615659
258,136,279.0,23.93351088202696,1.5837921952939957
169,283,84.0,17.974214694039137,1.8457437103868348
250,168,294.0,13.859209102233294,1.9586624089122435
194,201,26.0,11.545302394707827,1.360476049855281
219,170,300.0,23.72640659935788,2.4344311339433546
121,255,1.0,16.189181147748492,2.064915474613997
166,110,317.0,34.9404979063673,1.3537079644592724
371,354,14.0,18.147523828874746,1.3646485258025582
78,163,318.0,19.437443351908037,2.49728634425155
106,13,25.0,11.519069880253197,1.2411204133101912
295,199,283.0,21.86894688165611,2.4967402460944355
17,4,74.0,17.964790846017905,2.2987141960156485
147,298,299.0,10.623578983390622,2.1700562255284366
344,37,42.0,15.87756667684608,2.1165359817632865
100,88,324.0,5.024686232336707,1.9603344995460492
187,316,7.0,10.840170658557094,2.7393588607016977
296,266,338.0,15.04128550122817,2.8343569208867287
136,209,82.0,27.719106504610206,1.9508551408100405
287,388,275.0,14.633864852206989,1.863147313245454
226,85,72.0,20.957603109154082,1.9227691674186789
193,202,340.0,21.161131116064478,1.8332545804539566
248,144,48.0,17.43599941314628,2.2801209984522766
200,156,284.0,13.98539240468771,2.3576546754835355
356,209,23.0,7.2930831071264155,1.6757645395280005
272,83,292.0,26.108369961142557,1.50737379562747
176,69,17.0,8.922928775569876,1.3869396336234507
240,2,353.0,19.329086360282286,1.9321634788893252
292,114,52.0,25.39193380580737,2.566826753128399
265,209,324.0,26.22524727159511,1.2443356703463682
81,123,62.0,18.404318115719352,1.9133667060100457
193,242,289.0,12.001020049868572,2.196718555466497
114,192,76.0,26.522721312088034,1.9887381891349185
257,266,332.0,14.474069777858702,2.2509566059924486
68,284,38.0,25.46308988981032,2.0300407124113544
153,261,291.0,18.136196848373455,2.7908870088202766
280,300,38.0,15.4099207336127,2.0540559167288976
110,119,337.0,17.657755299366805,1.9916721837078588
59,33,26.0,19.89978162346602,2.369026294752021
0,398,315.0,5.5395468095276925,2.2696463086758403
130,73,65.0,38.47009769647319,1.8971293796417386
230,232,320.0,10.202080683654422,2.931924556386336
298,209,16.0,15.994576055193692,1.5299122150735522
185,205,298.0,30.1442746860727,1.6088662089178258
166,96,53.0,17.21867841850301,1.7706663050613711
107,236,289.0,26.855448300605428,3.0168544900220087
133,198,54.0,23.427745438783276,0.9631295123728674
43,13,336.0,13.894884274356773,2.0035803738484255
268,114,89.0,13.191279521781631,1.7099633865784127
44,66,280.0,18.77735830577801,2.7983317121277604
172,149,77.0,23.83613392048976,2.1682635496406713
294,245,315.0,15.432458748437938,1.257659253042549
262,287,17.0,12.796108253941298,1.7353718706899899
207,154,350.0,17.61762153869739,1.746466172464729
60,256,73.0,16.979475506738755,1.695585503567837
363,281,288.0,23.54819916392788,2.4291135354173283
46,130,19.0,14.481429274440845,1.6839061257616064
273,275,276.0,27.887080512746792,2.451652839501461
273,384,3.0,28.252987354259737,2.177645859394902
12,337,325.0,10.695337355132983,1.9514924523058343
229,314,53.0,24.095054619713856,1.4507671540608846
124,180,301.0,23.99576338208728,1.6505336472718974
133,338,63.0,14.68829391143457,1.9089496498982423
289,323,300.0,23.174344274626993,1.9779718764931304
236,269,34.0,8.080000795147148,1.1372313871656696
239,250,295.0,28.900632910064772,2.0441117863619156
176,232,77.0,10.844858934591382,2.0072264739996086
57,185,307.0,22.00096142177339,2.1616991361478046
48,154,15.0,19.270314608986173,3.141982730256955
212,159,311.0,28.608444886876875,2.26908190476693
176,199,58.0,23.864906835034585,2.7807050987831445
214,260,316.0,26.78551949181334,2.316490528072256
89,128,71.0,15.210251673701098,2.159489333199045
25,383,330.0,27.774916635942457,2.2067985714285725
138,179,18.0,11.711611310772762,1.898902799668744
252,53,310.0,26.21608191373931,1.7318805888985582
328,247,23.0,10.422637925511124,2.352105765114378
246,195,328.0,16.612209485821975,2.160917820800894
261,3,79.0,14.147029618642762,1.517839342781025
27,387,346.0,0.8446400667044927,1.825973953118813
204,98,20.0,38.532244372325174,1.9418752164344286
343,111,326.0,24.963794282842056,2.0542841971220236
254,191,41.0,33.18306223132547,1.6679805356536734
291,168,340.0,17.666149407386687,1.9079966153430996
181,201,44.0,22.13772260945094,1.519628216718426
159,189,342.0,16.415282290025942,2.3521490554481765
181,189,77.0,16.859903552947685,1.693756559272154
111,150,330.0,20.751380486635146,1.287428672304725
297,357,70.0,14.886841545553315,2.390392991750225
170,281,289.0,25.025325093093276,1.2888893152310312
197,132,53.0,31.486294742959632,1.7247713331161942
286,216,349.0,39.222142043348924,1.0961708239944592
198,220,86.0,30.159233812694247,2.4166352218872196
153,373,290.0,11.070083112791476,1.1912151152803152
163,140,58.0,18.428491633492627,1.8951880529545697
346,289,347.0,18.067146449725705,1.3795978712312529
397,158,81.0,29.615545530802493,1.2275499105033802
312,153,290.0,28.95745144774729,1.669214880268234
102,131,85.0,14.703429582538833,1.542278841458346
184,289,341.0,13.857396376237965,2.1619373477253343
87,291,64.0,22.023917382803283,1.2859559923369133
66,123,271.0,16.734541890345774,2.086297398961679
240,81,16.0,14.631602273605733,2.0337005246525033
113,219,306.0,24.59631503342689,1.7346414779811792
158,281,3.0,10.608261812804292,1.1932789864419857
188,319,316.0,22.78431885267987,2.178403845979375
205,88,60.0,15.677168049986538,1.7467061681323859
122,206,355.0,19.34876701596542,2.064408771140676
97,238,53.0,18.06903277768333,1.3821420798761626
256,113,345.0,26.697825680058656,2.6220023477025474
217,116,53.0,36.38479352059454,1.7107949277828853
270,245,292.0,15.871665819980024,2.114867340271817
242,233,67.0,21.139041932777523,1.359406458176223
179,188,318.0,18.067537068584784,2.888544850990213
122,217,29.0,24.342415127170327,1.919431575930552
208,263,331.0,20.464481422579436,2.4035032617629506
93,291,26.0,30.66555175843431,2.8466794799949753
320,343,270.0,26.889917751203818,2.56679216309153
57,222,0.0,29.030926107751768,2.5681409108349524
352,383,292.0,24.777742138263264,2.0773091985039334
12,80,55.0,7.193552031692995,2.0605517101208246
106,126,319.0,21.61321243743092,2.061110765560218
83,44,8.0,17.44824054414982,1.834544452529327
40,195,310.0,14.342939460702944,2.3992638695353006
207,146,51.0,24.003792351371754,1.031270902036796
377,320,327.0,17.932169116885287,1.5722236155057148
186,186,81.0,20.329473706286326,2.594039929503386
256,218,282.0,11.785410774537635,1.810283568362889
76,127,41.0,11.927055163106601,1.608448473433042
240,137,338.0,17.31433177520584,3.049775058705708
191,188,50.0,14.774962454015059,1.6692713051840378
172,70,320.0,29.56187974839123,2.222184720373894
255,314,40.0,19.835818761938487,1.6089620222155454
183,203,313.0,13.682815392828022,2.1633696184070015
86,112,12.0,16.69221366742746,2.543246447012729
250,150,284.0,29.334539640487492,2.2456729436243177
218,231,89.0,18.127779321052298,1.373556184560999
239,75,336.0,0.0,3.128886406924833
38,206,44.0,18.98824516255808,2.3623811061656124
4,17,312.0,12.261817560876812,2.5636295670303784
188,93,83.0,25.580788563089495,2.146550838146697
292,44,328.0,13.53548254601705,1.711150840108365
130,385,9.0,7.024394395158376,1.6063074856841353
105,391,337.0,28.480689034905645,2.7800416852256484
129,307,87.0,23.06028874362828,1.416551878578356
139,156,315.0,13.860369258422027,2.0082122404005305
295,74,33.0,24.340116911048817,1.6382264160065465
254,394,279.0,4.787596927759589,1.812283223171046
152,284,57.0,34.782622126841616,1.6827824351230336
264,269,272.0,27.690042676906963,2.112685449743495
5,281,41.0,18.626831901486305,1.6046110443041366
23,311,351.0,22.716216063143715,1.0144394999537436
44,9,41.0,16.180885076794358,2.124921977538582
39,348,312.0,15.653968492973565,2.3690881976253455
226,119,81.0,16.215755952073735,2.569048529064635
23,189,305.0,37.72556813154068,1.50055979902803
365,139,78.0,17.481446007297652,1.621738999480963
123,387,319.0,21.958142645513725,2.0216294874513885
273,97,56.0,6.087612189877852,1.5950293408951899
353,111,325.0,25.2555683035812,1.2511575497037908
328,379,77.0,9.58915806880289,2.067698305975133
125,77,290.0,16.344678709887134,2.067757080597867
207,89,67.0,25.48086223242561,1.2782594259928182
214,144,353.0,24.337220490986912,2.143989835617706
96,354,83.0,18.523709532345663,2.0761995636748236
195,156,337.0,30.937054969659183,2.0571157883815907
30,274,16.0,25.084666486771326,1.8620520903533053
262,142,325.0,19.931526708453223,2.1988191934377617
293,56,67.0,23.705925621158528,1.2189391746450198
1,94,271.0,19.34655380521407,1.926350226255459
283,37,16.0,15.633866074176854,1.378370219289681
191,306,341.0,21.360378693176465,2.5795206484205324
208,80,31.0,16.83584193976237,2.477938879554715
250,372,351.0,16.62219123782848,2.2504144356437896
185,222,43.0,16.67433193580972,2.4482564080741214
196,191,324.0,10.769718086943627,2.2181921553077872
397,267,28.0,24.15633510459361,1.198801679998757
76,175,358.0,6.2903816755457065,2.4161297694031094
255,288,33.0,24.448158419571445,2.3208412182143774
108,331,343.0,12.540745871173739,2.2715590509025554
132,165,74.0,24.565798029698545,2.621652201257183
260,57,300.0,19.84261916392973,2.5749830070041924
384,327,87.0,47.76097075416121,2.4673048963619797
140,328,341.0,11.360493588937581,2.2366280622646406
64,205,86.0,9.382119737458158,2.6892216266101174
108,259,304.0,17.107838782814248,2.0092119037367064
248,94,36.0,12.746466502959475,1.697685843176016
196,159,334.0,21.859532878057333,2.645167992973245
218,160,44.0,43.859493938515755,1.2414378239749806
161,317,293.0,26.505103777185106,1.6755009835602603
157,296,19.0,10.753813808392746,2.641661423160452
148,131,277.0,11.001147070220988,1.9479435295343335
117,50,29.0,25.64071169427516,1.6104658953584359
146,148,338.0,12.11769680437217,2.1869767612063655
262,264,12.0,32.05404870042332,2.195930767727398
299,288,338.0,14.850001451818306,2.0981956434285034
197,210,24.0,14.339365935002318,2.049259931597118
156,225,299.0,29.95483958516657,1.710665550338316
63,373,84.0,12.862172175167856,2.4493851169233625
55,15,282.0,17.795009956570574,2.236612090757122
27,275,12.0,29.576718304589896,1.5905595798474628
66,345,280.0,15.532566545322625,2.693625300248898
158,172,26.0,32.57688713943031,1.6620016292461215
226,182,328.0,25.716514729152546,1.6214706464253736
222,288,37.0,20.222282411138256,1.9360099675953002
297,372,283.0,24.750154666886527,2.277325425999412
255,240,59.0,28.319308133167468,1.6162119063134055
184,209,318.0,16.959503914430442,2.1288587535783705
396,214,64.0,24.943177447834938,1.6966143224982
185,255,288.0,17.223835425685422,1.8474156957198513
290,146,63.0,26.13895516720129,2.6005225184552323
46,117,298.0,34.17609944554356,2.191951498284785
290,210,4.0,27.090660134245905,2.5180581358480323
385,283,320.0,18.92032763721997,2.2461576516597654
392,351,33.0,12.912522072608304,1.0154664653635095
357,251,311.0,10.005513184156493,2.746843232333087
224,208,5.0,16.69835012462221,2.1316660894595603
113,215,315.0,30.876941901495666,2.367218994964597
202,243,85.0,16.595056840121586,2.9557400136250234
293,285,352.0,24.97944702457422,1.637752022375622
310,181,46.0,19.073743028224865,2.4165706942568512
360,154,330.0,13.495757559819914,1.333837809255491
311,188,10.0,14.0161404917659,1.817992986548377
282,102,291.0,23.11041783213878,2.1089793388530444
46,352,57.0,18.07764218824697,2.2954584321336458
381,212,320.0,18.66240909504347,2.048377152068572
180,205,47.0,30.441989507979855,1.8381653920657473
233,119,354.0,12.707323272001759,1.3407929485892172
374,156,23.0,13.770278807907669,2.6434397352715764
37,386,333.0,31.464587446947455,2.38960675431047
272,17,79.0,33.80850777046202,1.5962532194085886
37,273,355.0,13.145412292575799,1.5260456538781886
113,178,25.0,21.536751681850422,1.3698784805481283
362,78,279.0,16.22219796305183,1.769916502673495
150,138,64.0,20.679574358561453,2.3402313670764388
42,186,314.0,22.547918768008266,1.0747138624241184
341,87,77.0,9.039008159805494,1.9645881567573904
200,240,325.0,19.488765740528823,2.371145989163125
200,128,19.0,10.103376280745064,2.9047984211492377
231,261,293.0,21.460376926887037,2.2410927125093396
113,326,58.0,14.851213279505671,2.7870370092337273
48,275,299.0,22.66816448749633,1.897288438573908
98,264,49.0,24.013252959941138,2.4230572876821954
392,67,319.0,31.50412689512921,2.5289944690996027
158,237,6.0,20.110434129513713,1.3422379167030862
329,131,319.0,9.942586480062465,2.439113781303425
160,221,74.0,17.335787697584465,1.8886256945638402
56,240,320.0,30.7021419122824,1.802250516598233
250,114,10.0,26.391533815170725,1.9497773353850016
309,375,326.0,17.197337670975738,2.1309591260905876
69,269,82.0,19.98333781520809,2.0811426688201227
279,205,272.0,14.38324473318665,2.000772467955982
103,218,21.0,15.563619437017028,1.1868985452693088
157,127,328.0,21.879546932988546,2.00865228095555
213,76,57.0,25.16414586964359,1.9256054265613138
37,136,293.0,26.280755751943854,3.138943547203243
194,162,67.0,20.073900272050412,2.249039623394037
1,271,357.0,18.070800885385047,1.6220524084853187
44,44,48.0,10.047456691551583,2.4128721883635724
378,332,340.0,24.170867048511926,1.641858204620349
218,296,55.0,22.953201014709904,2.0797423283379772
128,211,279.0,26.459108927893215,2.4569644757891025
152,137,36.0,26.743104815856206,1.4330741801603568
77,285,303.0,21.26275672223149,2.4262178947825612
77,351,53.0,15.843108809736789,1.8840550289144546
82,246,271.0,8.08049132721536,1.5396684258158697
203,153,38.0,21.394683894507043,2.1022793645951956
396,322,329.0,17.61496333313449,1.756674392583325
116,169,59.0,16.287352625045557,1.6783902668340864
92,325,271.0,26.609708772462717,1.3098073468461582
279,149,36.0,3.9264900737605934,2.9958980802472297
145,384,353.0,19.519989231439276,2.4883801674281565
312,373,2.0,18.43024333283079,2.5240840986300563
323,58,335.0,20.50883851031859,2.6617841076440545
73,231,45.0,12.387175724776782,1.7024188708818657
251,81,349.0,9.580354638494839,2.077544794158028
205,324,28.0,12.26415528986183,2.076983777761276
96,233,310.0,19.870887458236584,1.4974087660149697
270,256,3.0,17.16390113749009,2.318331323008329
352,396,337.0,3.1128876389958826,2.709555613992969
230,123,65.0,18.05167162688135,2.227904210662019
236,304,328.0,23.97535552474732,2.216554591728156
338,257,54.0,6.701005982995984,2.356795998149036
123,251,296.0,25.37630337397163,1.9516671491566353
173,94,82.0,12.759526366240836,1.9420937222076822
152,234,356.0,23.746818298039372,1.1413305928470527
352,52,26.0,23.80893488301267,2.2563675037089967
324,322,351.0,13.610983700610007,2.119221382454607
276,220,0.0,18.229115260680413,1.6326082809183171
285,301,286.0,26.076115380337697,1.7192481464652416
168,345,23.0,23.74877503160066,2.74553554993071
102,281,301.0,8.235161267012536,2.288045641097375
232,65,56.0,30.351088434821637,2.0179648728030437
21,164,284.0,26.661611325439793,1.5588448790619969
277,150,45.0,14.645692324285978,0.5689069093901251
312,356,359.0,27.807069535539313,1.6728064514194014
174,125,3.0,19.967810038245677,1.3996355697817053
132,121,338.0,34.741596100977546,2.4607215444645325
347,272,52.0,27.369237391526845,2.1764142574666736
205,197,344.0,26.306391763409785,1.7060900175656868
348,393,27.0,22.835019885738788,1.6580965635814968
213,266,350.0,12.658576555438074,2.2960439252689135
121,95,84.0,14.260588891634882,1.5484080848104576
116,349,323.0,14.406852322220779,2.0307433325683633
202,201,83.0,22.454642117079693,2.035068045768939
202,347,350.0,16.86540491083058,1.4758433254317085
199,96,35.0,12.94507056487421,3.171030104234708
105,14,315.0,20.64974544555612,2.8946028814710854
81,327,89.0,15.565976412765496,2.088569966540669
113,211,325.0,14.997971618930663,2.5900428980167325
246,278,70.0,25.965040130324088,1.925953472635686
106,248,271.0,26.956819811178438,1.5662423172091242
172,178,36.0,16.160916617406638,1.9920866492247342
183,288,298.0,17.458834282858252,2.0515882146098994
22,295,89.0,6.020725001164717,1.358134596570594
212,304,308.0,4.077997752212067,2.2999715467356907
14,152,25.0,19.618957661245346,1.953923389757256
314,278,341.0,23.687034058912495,2.2335156270602274
373,170,39.0,23.46358424555207,1.2988219064792772
131,280,318.0,19.925346560999422,2.300365982433211
227,359,54.0,19.51276907746481,2.980316437667212
368,252,286.0,22.06136095720354,1.7416725280238556
57,190,12.0,25.6139143642273,2.3836880225098516
223,216,332.0,19.378194343831108,2.5359307796656774
99,3,58.0,22.730740799064392,1.5417505956277697
175,125,284.0,22.345940004449066,1.8939271276709335
11,240,9.0,23.967354849535557,1.824297117094754
373,75,308.0,8.99973691461175,2.5017144368774926
237,80,74.0,16.35437819540517,1.1843263381358082
217,58,273.0,15.033920662954888,2.3724792145470355
333,386,32.0,18.04159607554087,1.5236017632655328
341,181,300.0,14.000961894353553,1.8981264795197408
340,307,61.0,25.816722448254954,1.6515115072277085
60,231,271.0,0.0,2.5431328574837364
309,318,16.0,17.35221197647064,1.632553967859001
96,46,304.0,26.75325321413648,1.6052131775805676
147,192,71.0,18.803901222720373,2.258796837141248
150,332,271.0,18.511666067578854,2.111643968801058
35,208,13.0,20.645712562562583,2.1945443957641113
214,184,298.0,7.647618062083971,2.238155963885005
323,298,9.0,35.167214112621934,1.7160715830343711
123,247,348.0,26.578671229574894,2.640896285668187
359,99,36.0,10.091997406150902,1.9016655780247773
94,187,340.0,21.108642282576255,2.3285583501660225
343,89,48.0,30.05018320032583,2.6504495201229927
176,310,320.0,20.656040186572174,2.0658896165605287
243,317,59.0,23.672810973727927,1.943452729290322
143,22,298.0,29.0004574798625,1.1965434904254004
107,134,46.0,19.222112337215776,1.5124612095751155
252,138,292.0,26.734431647228853,1.4428842226644947
342,145,72.0,5.482339340979832,1.8343813654980863
354,32,335.0,24.124634423108006,2.236757102600138
205,29,59.0,22.716611967688458,2.2958866333672807
193,152,346.0,23.9409804306115,2.1597450139564085
208,203,88.0,14.070275278301521,2.3254410630036544
255,187,300.0,18.33788508344907,1.6517775237728682
300,238,47.0,23.588402033069045,1.9467797353417835
233,247,270.0,17.908652370499734,2.324616758810628
322,314,28.0,26.973070048151854,2.2138660178921543
390,122,293.0,12.259619273174753,2.038909534156734
318,265,20.0,19.242244583208105,1.9060264553418866
172,225,286.0,7.2106635772111325,2.250365354101991
28,375,42.0,21.39537266011418,2.0373974257303726
331,257,276.0,33.82209456434315,2.455437060401338
127,320,13.0,18.915552023648097,1.5720382512272018
377,374,286.0,23.30961580252146,2.250289165326152
243,119,85.0,31.320598381074902,2.52754519559058
28,13,279.0,21.434794342945434,2.70169454529151
218,131,44.0,13.268187196132732,2.064491923644962
115,300,291.0,22.528074316124997,2.0627584342070633
266,84,69.0,16.65150992834452,1.6763857195663647
114,180,285.0,16.787416662020348,2.299764873009922
134,167,7.0,40.07390484419486,2.345042871008764
178,52,357.0,21.977218640410786,1.6853800212716257
17,198,62.0,26.87855198156338,2.422638769044881
235,353,312.0,28.276451443531265,0.8389507102819747
212,239,37.0,23.971625573286158,2.1642663132421176
240,125,297.0,20.602666694302105,1.7871297861754367
24,316,38.0,7.977727440938839,2.1122673245498103
75,285,310.0,25.183246578515504,2.2741279251060074
394,17,57.0,20.57442583644154,1.4343332621030818
173,242,355.0,28.90712723390862,2.2588776420122203
214,162,21.0,12.670339385621247,2.706083121911414
209,330,318.0,15.196776416390144,1.7244062368593767
25,245,31.0,11.667414465880453,2.246188819996096
125,166,359.0,9.432844869048022,1.7549260509433804
301,176,50.0,38.31472743166427,2.7653356600566483
206,200,353.0,22.669154120494063,1.1584918318951036
12,253,54.0,16.112375099634953,1.816530988924701
147,135,337.0,16.026454958074765,1.7899605197342998
22,319,33.0,19.303751105884754,1.4171623453022941
105,319,341.0,15.88878331087707,2.446342379758325
177,271,68.0,5.774710273165367,2.135923657948415
379,364,287.0,18.375581030567986,1.403607771049765
195,215,4.0,26.156235515872485,2.446649882852997
187,218,337.0,13.810534939774065,2.638854340231032
124,82,13.0,12.18899359977743,1.8139297523798115
36,189,300.0,28.39644464105137,2.4803901141122933
197,220,45.0,27.8573314895539,1.4349786157126578
223,7,319.0,18.09140066762274,2.134669116752769
392,273,80.0,12.244082772207978,1.418627793793346
179,228,278.0,21.17089319427541,2.07209159508215
76,66,0.0,14.84199249000243,1.9404589536812855
140,230,292.0,19.41765532245891,2.4518793394652327
71,187,50.0,20.240649948044254,1.2844680239985333
319,159,291.0,18.62357053305245,2.4887473227621406
164,223,43.0,34.05552408226892,0.794245872886393
228,93,322.0,32.06679561588348,2.73326553827011
25,90,4.0,22.408851732545607,3.1144366688572274
16,195,281.0,9.29070112460915,2.591968087091683
127,207,83.0,30.026673364992234,2.8060719218017223
210,359,334.0,21.91704578512964,2.3480508293723785
379,4,40.0,13.97851318568016,2.858972599536131
158,198,328.0,31.572538000061442,1.9058587800529694
166,142,60.0,18.264420672199602,2.144707834635074
264,111,319.0,9.689976746261795,2.622731525772819
274,258,70.0,29.20313988922045,1.6436865873434456
79,262,331.0,26.135509106231773,1.3807408644160266
161,39,43.0,7.963743323641479,2.3482457948336144
205,235,320.0,18.399496608970555,2.2981760133671245
293,288,65.0,35.68896481915643,2.448396627662326
91,249,278.0,0.18034064433592079,1.6600018203448659
162,307,14.0,16.00023180848081,2.7692685629330556
99,179,329.0,2.0118159674164033,1.7508561422098285
167,64,10.0,13.291190779114704,1.8729544744782776
206,282,341.0,21.019607033949427,2.3892485265888324
272,319,54.0,19.559489153643845,2.294378076876916
313,158,330.0,19.03708321244614,1.7946870875318035
323,369,72.0,12.378861976678284,2.4714452111904355
200,225,316.0,24.984612959078483,1.5675359085924265
197,120,4.0,10.677889054648471,2.306604560295279
47,158,339.0,23.23324134669717,2.256706916757814
285,135,50.0,22.215543320009047,1.8643044566994482
192,114,283.0,21.242299106030824,1.511801962443812
91,207,51.0,23.696376361228804,1.502876507379386
294,263,298.0,20.831940471293468,1.872837527608685
239,171,44.0,16.856507991194526,1.459660116371595
35,146,355.0,13.28687337574278,1.9571894523109026
385,105,1.0,16.86022307288218,1.8133489751182374
208,76,325.0,18.59445778066365,1.9884020613250872
300,140,8.0,27.881940885557675,2.0460306016460357
244,5,353.0,16.696887795028047,2.1207849040508258
155,343,77.0,20.681036157636118,2.2685860055826126
58,248,314.0,15.243303381836569,1.2549725369002553
245,179,78.0,18.047751425932788,2.0051002408233414
24,5,300.0,16.82626328772665,2.2338062606814844
210,302,4.0,15.49083471717619,2.3265188140838804
192,267,303.0,5.043534140626376,2.7328717638805684
98,137,19.0,13.675099509899109,2.413203247153571
6,397,270.0,14.785572499111435,2.0748365456186386
127,261,37.0,21.365659699832598,1.6454888730949122
60,352,341.0,25.291927257444527,1.9209595084429345
298,219,24.0,11.541023542472798,1.8870562924265857
211,201,337.0,23.324478011394067,1.1467880398265213
235,380,26.0,24.13302619473959,3.355505294736668
72,248,305.0,23.16012795041026,1.608540420468342
192,307,88.0,22.17237434307735,2.28632355560554
385,61,331.0,25.283738422358464,1.1632607435544393
264,368,19.0,26.483636006179037,2.196109324695842
124,9,312.0,29.196936351965753,2.027483944190721
203,248,67.0,24.705565128319066,2.4399613932046793
51,195,304.0,12.73033481725059,1.659501406963925
76,167,43.0,19.300990669559845,1.9824490674512434
169,232,320.0,27.18111045461906,1.8552093676126582
74,204,46.0,15.319717971923257,1.563830727412149
168,27,286.0,18.45461191740059,1.9737297023180027
279,176,14.0,17.03791201119889,2.3152932445749728
91,293,287.0,19.909413588781444,2.8046998645773837
141,204,25.0,22.892421176020488,1.7651349004438976
210,240,272.0,4.936763213853956,2.4352777590098342
266,323,60.0,23.140243602172944,1.3779141917957425
248,270,351.0,27.34631136024642,1.85095242240946
164,114,82.0,32.406944061782234,1.4838160319754787
251,321,312.0,14.64048184568418,2.8145556727809407
221,232,50.0,31.773932023033133,2.5016546449777124
140,305,335.0,19.30208691559114,1.274331281590906
170,82,9.0,23.445727700707703,1.9498233226183448
86,61,271.0,26.217609521752763,1.4243842751724065
188,111,0.0,21.06338003806123,1.4525172657466086
46,300,336.0,13.657129730283092,1.6808066480279775
220,336,24.0,33.99261129160125,1.8897461097535713
212,270,323.0,15.834622014466271,2.0516648376155477
302,375,78.0,12.573714040276151,2.1030215621185593
389,343,359.0,20.668392851311033,1.3394218625796186
129,182,22.0,8.844008384951879,1.5753711668326957
140,287,350.0,24.899026204891015,2.5566263226897417
184,318,87.0,33.119943765952186,1.2308809876949982
295,233,306.0,28.51121868705543,1.2717316908307996
129,229,69.0,13.362006330361025,1.1501862347500378
184,169,283.0,24.37596149601444,2.2199096634307662
230,392,70.0,5.49371202595642,2.492583465558496
195,246,350.0,13.858764139037596,2.0131668266267524
127,46,65.0,9.690435946020804,2.757959417658709
183,142,312.0,28.00299059810689,1.4914864793934348
7,157,65.0,23.605721092127254,1.5211798292238081
239,319,273.0,23.259605652340976,2.865228156634912
192,144,31.0,26.928381357767876,1.2923289556781283
29,360,338.0,31.61424972732919,1.5629830007152152
121,245,67.0,22.62330270226676,2.742071431804443
232,275,307.0,14.630397128050678,1.6296932234671853
158,258,13.0,14.309267092183184,2.5769114722683044
149,260,339.0,20.62536887060076,2.115217450215994
51,231,89.0,11.362509473489382,3.2737079681160584
181,259,300.0,20.647239355366292,1.6778727520942922
198,302,69.0,21.626215403692584,1.1113762410031374
399,296,294.0,16.27450201654176,1.8867804883669281
199,252,62.0,22.622311091530314,2.6977669704612057
90,208,317.0,19.40512381482954,1.5369408913164468
275,182,81.0,24.836079758498595,2.3992439398507144
132,146,287.0,31.76636684597869,1.5929277175638294
296,119,25.0,16.183197861136183,1.6272294187012282
351,211,304.0,18.9182171398164,1.8227359859841035
192,5,79.0,17.23727833571462,2.394455787667633
5,2,354.0,7.681091297136948,1.7844331914198979
22,151,43.0,16.20651630392259,1.6978470120733327
214,177,345.0,25.59285559574098,1.8606800747620371
210,136,26.0,35.46482127335845,1.782318433489824
56,153,313.0,21.96751631992256,2.76327245727408
164,161,81.0,20.736568385673277,1.6205058379322035
276,346,322.0,24.886735880211695,1.5868157162317167
109,297,1.0,35.339674593233454,1.6433955586967774
175,267,358.0,17.111453751046742,2.8261661829011286
182,149,21.0,11.7449576206688,2.2532933318847155
165,164,272.0,26.39680928193292,1.3400286564434172
198,134,2.0,17.617551910414807,2.694085019267504
179,355,287.0,25.970768170559978,1.4761662175241104
135,274,37.0,23.755962172759233,1.9613227441641299
182,194,289.0,12.83431802898681,1.920350434497538
242,279,29.0,12.326949232565006,2.1062213850128617
100,81,315.0,13.423620267162132,1.0909573647396338
164,115,51.0,25.898603166328215,2.44084006101985
147,315,313.0,19.326522841886163,2.1661595582952535
197,380,23.0,6.727686010678118,1.4189011149232091
276,186,287.0,26.474725246113948,1.9474974680413906
361,261,16.0,23.293561648316285,2.0527565657434357
171,217,349.0,26.62781635502966,0.8502175171080038
8,174,56.0,10.295375634012691,2.0837887288463115
12,311,333.0,17.33126166317781,2.373548713727741
175,290,44.0,4.1404997129948615,2.7289506353527404
225,209,293.0,17.856624167591196,1.4037629961986127
54,336,45.0,15.970901944665805,2.0309553401266163
385,161,314.0,14.417965851110589,2.854877632957679
65,143,44.0,20.95380062567953,1.4458206656842014
86,256,359.0,30.12828245603114,2.645851099615339
143,200,2.0,16.104039440865584,1.75075302615258
205,95,325.0,10.864571450982444,1.1686756034264931
1,383,63.0,20.40658178730844,1.8302246396569575
176,83,320.0,13.910995772077166,1.7612594181606
250,130,48.0,15.349803973918577,2.281167514790466
206,245,295.0,23.84218082728556,2.5994717402392293
131,197,69.0,23.485944139790455,2.2761271358506265
127,96,311.0,17.38674992820261,1.9407961520319468
240,164,25.0,33.13355781349211,1.2600038590638154
321,314,270.0,26.17772615135631,2.0064038488263507
213,237,37.0,15.453515880847071,1.6519093901708781
209,177,311.0,16.37493987254554,1.0471805381569188
156,294,89.0,26.76140891512277,2.177013979707447
328,34,359.0,10.879902085824227,2.7510113588887775
373,342,61.0,13.774599494340631,2.598646878156337
384,128,272.0,17.306031265340646,1.682752524348212
266,210,30.0,14.544859783937719,2.2870183311320083
208,258,354.0,15.63704841675445,2.137931396806921
169,233,46.0,33.73466594885345,2.2212415536134573
315,204,309.0,27.20622941748371,2.618156377807703
220,50,81.0,19.419398795970856,1.710176654018074
200,179,325.0,32.57044172619969,1.6949461707295224
129,189,18.0,7.776684890973305,2.027862559847404
272,271,275.0,11.653200267120331,1.6957742840734986
216,118,59.0,16.20664054113059,1.1402563326542716
250,0,296.0,4.435814604444811,2.512806151696213
27,51,83.0,9.414070420726745,1.5746925617051526
147,175,303.0,23.39736469195081,2.4061271059619735
275,213,34.0,12.008321464359707,1.9069561828152821
169,96,320.0,29.579365353026795,2.1673684963799644
44,186,74.0,22.822117196802207,2.584475854229039
251,228,353.0,32.85093710472154,2.1101373163036756
193,188,80.0,7.761305572556415,2.4425144590416332
68,145,283.0,29.13223938564501,1.8208595833186467
359,70,50.0,23.603070156436758,1.73963847521397
52,113,313.0,5.621621363978033,1.4405770623879615
246,204,32.0,20.35481064006251,2.3457393204447654
156,236,340.0,1.1868717867757574,2.6614987558633807
314,160,11.0,23.59910379575669,2.3716730402431714
69,222,297.0,22.363532757993983,1.9405507042172037
120,72,44.0,21.349819883491154,2.4002264075255857
100,304,307.0,18.07458074580166,1.9771696034712716
107,324,45.0,23.616989696965653,1.3301168991267023
293,329,319.0,20.68738111352918,1.631430801977399
222,221,86.0,25.816935672591285,1.9270492957907834
195,220,295.0,22.979240349229393,1.873016382650156
117,161,24.0,33.560862877564986,2.4978493557430097
158,254,333.0,19.46702393663338,2.4999826637244142
99,320,15.0,16.99213196719752,1.22785967705821
326,246,292.0,23.037592042863096,1.6740805443349855
312,332,87.0,29.610616430070237,2.9357988682424683
248,202,355.0,8.723287649149487,1.800734866678918
154,182,89.0,11.40599876877321,2.448028194833664
329,277,350.0,18.717677690560773,1.810840205313039
349,27,11.0,17.511526312875787,2.2580440002266067
178,231,323.0,10.19835518915221,2.048782552505842
112,182,22.0,29.580177006292246,1.9104626008398815
112,231,315.0,11.407240709188667,1.2130756800152014
135,260,30.0,11.669479886125396,1.4904868091728534
35,200,277.0,25.530018668844516,1.617139775940744
245,226,12.0,31.755905341278684,2.0974124933699225
269,59,307.0,27.179803425901373,1.12200875700734
8,288,14.0,9.733566000232715,3.0133890430424537
170,215,271.0,28.152992675177764,2.5365190632192434
165,126,45.0,11.984534920972498,2.2331397696525
54,373,295.0,26.189004130991854,1.8970798168192162
303,142,80.0,16.624227400799107,2.3098940668557706
299,59,333.0,28.929170292795916,1.8599255631218021
306,389,62.0,31.813406083744816,2.4456983066292772
296,247,333.0,14.333435142592302,1.7158431367258424
218,188,78.0,8.298035710749678,1.463144088735135
341,253,284.0,19.353260986702157,1.9995669194053298
129,256,22.0,18.70357734465368,2.048865174101721
211,332,317.0,25.57767307161436,2.588149934061949
155,136,46.0,14.894908055646173,1.8370528796155174
194,228,299.0,19.174700956677828,1.17153229416336
196,233,53.0,25.684787148058604,0.6825420542318166
116,287,282.0,19.0809681486146,1.4483400661830754
54,112,8.0,23.066773966482344,2.45835545412246
178,7,299.0,22.596252448951518,1.6034438935041673
100,172,6.0,24.759633685938834,2.1647056174810726
101,160,342.0,14.418954765412337,1.9915917766730982
145,111,38.0,13.192050261370394,1.8244619360975052
308,315,341.0,25.390635719377432,2.546439622769766
200,267,33.0,7.819844635600088,1.5249353797411633
199,23,326.0,28.201876374194622,1.512610140219305
371,267,82.0,21.38862578769628,2.568687720225955
194,266,353.0,18.6804395371898,1.7609655532845334
139,304,29.0,12.866861528041873,1.9265908928850446
118,83,348.0,10.451241713169072,2.0121883174636257
253,216,8.0,22.245794955842385,2.0192028699131943
283,98,356.0,26.579042987116157,2.075637684577186
131,204,29.0,24.214897614494742,2.5786274419561357
138,115,355.0,15.2340574946127,2.5564460607660346
271,291,89.0,18.87805289960564,1.878464483640468
145,224,353.0,31.160414938833924,2.469820738343188
207,339,86.0,17.469019447089195,2.0869354008552676
58,206,328.0,23.624606439843166,2.38481920012563
60,393,82.0,12.34699544804862,1.9338872516951364
122,100,310.0,18.41596131826782,1.5519923308193997
186,256,62.0,24.682548901967213,1.5768944790357797
302,187,276.0,21.22916196271856,0.7852260317860396
331,399,16.0,31.80847587403128,2.311681729990148
3,164,320.0,42.11104840891928,2.5507159700106787
258,247,88.0,21.49285257844209,1.709143955048288
62,394,318.0,17.193648988436838,1.5590278769606514
160,140,26.0,24.77022886069129,1.0600121170671484
112,148,301.0,19.0070759990054,2.523705691746347
384,210,29.0,37.692864977453134,2.001959156267114
238,271,338.0,20.920378940879733,2.714239621529026
190,256,19.0,25.619604932858255,2.276045421966539
332,291,308.0,21.497960769456245,2.347103456851263
60,324,20.0,16.447441311591646,1.5534609272662185
192,237,352.0,10.511337626370457,1.7842495974109787
210,183,59.0,23.13895711519665,1.0946664857360302
185,35,324.0,29.330717479552064,3.1310307011565897
89,73,48.0,22.578346584709262,2.10384935507671
9,260,283.0,16.656017677121035,1.762626749856296
279,169,4.0,31.251473003111407,1.84603740367325
239,262,291.0,18.17797443581959,1.2906465409166001
304,142,23.0,16.950818571374867,2.56339147154314
277,148,327.0,23.641666582856097,2.26852429022615
209,297,52.0,26.973730216832095,1.8432501212294028
88,381,358.0,33.53909943537767,1.7291092547133025
373,158,82.0,23.797431606950184,2.386963834010693
101,334,349.0,21.564341345249627,1.5315394388872767
129,143,64.0,19.770725191749623,1.7845063797743177
244,246,342.0,16.40344098578705,2.6095423753566216
46,162,80.0,21.348595690325933,2.026287809205145
202,396,345.0,16.56623858770119,2.2790781768845534
366,385,66.0,16.748497055784874,2.2454373897159305
165,242,336.0,30.55601902423509,1.5743419402105607
249,314,73.0,14.720658909087234,2.9468358433241937
157,273,329.0,29.59449723667003,1.2160343984165825
357,288,14.0,30.303574390321188,2.539379725263648
278,334,283.0,9.962843174448835,1.5795739894906615
382,215,53.0,27.214206805630933,1.9457853646989283
289,180,300.0,2.002843134331826,1.7777121960079723
71,316,1.0,9.878101687370759,1.5613641056702015
171,158,313.0,19.92357746123427,1.7256556389038462
80,393,62.0,17.242259712614974,1.924160519528547
51,211,305.0,27.249648707069113,1.6102368439927632
25,252,73.0,25.40770452848165,1.530497058948443
143,239,328.0,26.089937683644976,2.7479383834830537
165,185,58.0,27.478897249535102,2.021038673653861
35,394,346.0,16.017779737432697,1.9675636785320898
398,222,69.0,42.24574557515792,2.543398727782211
223,198,289.0,14.934196146981982,2.219456935986961
181,61,58.0,14.204106631556812,2.616691583280626
31,249,338.0,10.101105178554258,2.1624439969506835
382,289,89.0,11.92211997367578,2.1514846578861593
118,109,332.0,21.38809077444334,1.2790725030364052
214,204,10.0,27.35097162840136,1.204336458888108
138,345,317.0,25.146754895824337,1.779122126919987
180,164,89.0,24.511963676898443,1.7250174951837485
377,11,352.0,25.032307655663676,2.3678522095607883
42,212,1.0,24.814683696071544,1.9623952695241775
234,77,276.0,19.38338842201756,1.74257914842666
311,344,19.0,29.27195134676971,1.6569305899494515
271,186,310.0,17.351420873853698,2.3738359300896716
70,297,19.0,30.476581639685705,1.5065697950389043
318,307,348.0,28.152733418649497,2.6138430171100784
105,84,84.0,25.764173041917566,2.274487839474279
148,202,301.0,28.743951041809787,1.8586607914496434
13,284,66.0,27.791010762802998,2.3652979803297294
345,244,272.0,25.842013491924757,1.7795815503421504
12,173,71.0,27.642376851193085,0.6519200131152265
42,97,324.0,29.474554733503684,2.1904337877298223
5,386,61.0,31.436363049724,1.7143189870352413
78,131,277.0,27.12897101715789,2.5101192910975043
197,161,57.0,30.209270039564938,1.8988109836181846
219,243,272.0,10.979159614423256,1.640236643526872
114,115,23.0,20.047059365007723,1.9367495884998358
355,253,334.0,16.943996754182255,2.196422660169141
343,288,49.0,17.837243957707905,1.6230851575532452
169,94,328.0,33.23924737756466,2.1562203325648164
103,262,53.0,15.694650261100776,2.001647369611343
147,67,327.0,22.891038101784932,2.371155601295296
248,290,10.0,14.061481555881244,1.2653982570833215
213,8,340.0,20.411750672495213,1.8277870473442401
231,290,45.0,20.586415462658096,1.7858207180254249
298,346,328.0,19.65262855155027,1.7160872576032828
91,357,26.0,13.306815596040568,2.7623373845246793
300,278,287.0,25.27381243970644,2.143063627820135
24,115,2.0,25.464272560536244,2.031568689769338
202,347,310.0,30.53685420900117,2.4347226641405584
123,198,28.0,18.48790928062326,1.5799152031620256
206,202,349.0,16.25486138709523,1.9178873361400435
109,313,31.0,21.767492440163817,1.7259536092488441
239,117,288.0,19.895424079975715,2.7383002028116246
271,393,24.0,13.102032994472339,2.5916980244394403
309,11,313.0,10.291975566677158,1.3579338810728299
120,320,17.0,17.071336543413803,2.5930703666420207
314,68,326.0,36.517083981887495,2.5349477004976886
324,163,29.0,21.685388671793476,2.1376575882718005
198,300,328.0,12.065085968175229,1.9036625595718866
219,142,78.0,23.999478286602564,1.7807262125073318
137,264,272.0,26.15428450469244,1.6466479802207776
295,26,4.0,21.167895748403566,2.4802376691554167
186,168,321.0,27.77398972203161,2.7745863428938775
227,243,34.0,21.014552707579547,2.144372851605083
353,262,325.0,12.948648169648774,1.8858360069249125
252,221,81.0,23.102910890162114,2.1528643135526293
108,184,345.0,20.423733447476195,3.087016620651283
193,174,13.0,8.130237755576552,1.2824098753227133
257,332,336.0,10.871611080861543,1.7422701444053184
273,326,23.0,40.40961373094441,1.7353379768470085
79,115,298.0,25.080349391722862,3.060506450045236
304,29,62.0,21.267710360664342,1.6677298206011946
287,124,354.0,11.61749436399418,2.128826787010844
290,326,35.0,17.161539316346452,1.9951618084181832
278,311,344.0,14.652759381250052,1.9106672666766085
90,132,33.0,38.80330787624756,2.5198652244616517
10,82,271.0,0.8345321084162549,2.2607715655053564
10,237,59.0,13.29916760735301,2.0357745052403105
58,358,304.0,17.82892942912706,2.1887127800367248
255,201,40.0,39.50657117463699,2.1589050298213053
282,211,286.0,7.312982899377156,0.9609963295394985
42,29,18.0,18.178327462780153,1.4833923605067436
248,81,294.0,9.792174792298953,2.26592911925173
190,297,20.0,12.88230888723941,1.3600921026461914
196,253,328.0,23.566032681563424,2.2451369900952907
37,191,74.0,28.465467811365023,1.8430785352118306
108,377,276.0,32.26059886480451,2.080835050620993
196,53,28.0,20.798035440541376,2.872594472744265
325,169,278.0,24.171318896986598,2.5625023093111476
250,166,70.0,26.053983645916077,2.127053130342188
114,218,305.0,4.737278482301402,2.8408446357373323
213,188,88.0,15.089779334272304,2.9212542676502875
202,379,294.0,20.572169400813657,3.026391633377265
113,280,26.0,23.083108485050115,2.1896503266178113
48,5,338.0,24.36887177352446,1.8013579874460293
379,293,2.0,12.987731679936736,2.328270698604997
89,158,318.0,20.274533384520105,1.5432940907879935
245,329,6.0,20.820558746744194,2.480083092592556
206,346,325.0,13.135249243897395,2.092506990392493
197,210,63.0,21.846623809020915,2.374899929851849
115,163,351.0,23.4664563391939,2.238764900809381
296,243,3.0,26.49292883426051,1.9095695734725113
147,25,275.0,21.72909642087433,1.9496563902838469
194,247,42.0,20.30543497807536,2.4488094855732925
83,343,310.0,24.204404624869827,3.0110298381320315
205,229,54.0,22.385189543523712,1.8152410604043887
134,276,292.0,18.651990087468963,1.7741429538603524
83,258,14.0,29.61502394204207,2.9069252707471342
0,289,329.0,41.755234951369516,2.0915455275957617
83,256,24.0,6.078951342546874,2.3669304000057516
162,386,319.0,26.246203042687995,2.069325340276941
121,317,32.0,3.9275800182120832,1.8684899840460667
333,209,285.0,12.592929815095992,1.2040842409283645
167,201,228.0,13.293560860802113,1.9368905804327379
232,295,230.0,25.16054111925163,2.023162393186249
212,270,91.0,17.78146532657613,1.6065018630170025
193,227,171.0,13.67506108922607,2.4952096316297543
68,170,142.0,27.189966169952626,1.6895464930166544
297,163,134.0,15.023706131352977,1.9227777625763585
83,269,128.0,23.395850078149873,2.9543622193195795
151,127,185.0,15.89660615830022,1.7604008594210614
149,154,228.0,3.1542539235156077,2.328990174542254
176,300,120.0,19.267766289927902,2.1804410776791827
205,283,131.0,22.31382953071083,1.5575837309495926
210,275,198.0,18.058662189433452,1.8515044776456415
155,133,269.0,32.85621679169138,1.9841973850037182
106,264,128.0,18.998874184187564,1.9446675192926481
269,224,214.0,28.635774884057014,1.056356888289696
208,150,184.0,28.087397059682637,2.632168746606003
46,182,114.0,15.138992825125772,2.002667309121274
81,302,177.0,25.977494038811052,2.0294895035358476
236,295,151.0,13.898043436243793,2.012869932391176
186,235,187.0,9.628967504372264,1.815367815972115
363,63,140.0,24.281647662764147,1.2451687209268192
25,364,237.0,16.579228481965288,1.389042320306607
106,103,188.0,19.390380121037563,2.129080116991929
158,326,139.0,37.9212675249985,2.182728425478529
394,316,249.0,15.416544377367888,2.397305071238902
305,282,227.0,17.94847919335018,2.4754229101209853
391,45,108.0,24.437758401910283,2.25222721378952
225,245,94.0,30.98149037891148,1.0010385244404296
98,175,112.0,17.588202160255392,0.8933332862120478
305,294,264.0,37.18026140679233,1.9976393476428176
46,319,146.0,21.476936162012084,2.1153868276819203
233,184,124.0,21.215822013474476,2.0961521032213737
154,153,244.0,21.572265923816353,1.6615409912341805
303,236,228.0,11.839974435452943,2.1922262491957034
223,241,173.0,16.019403511222375,1.4755973855567714
78,230,227.0,25.70506815547844,1.6791236070809528
188,149,144.0,25.58403569804246,1.477005488441073
377,309,139.0,31.05128227197814,1.8350769471053567
171,395,213.0,22.387044360291142,1.7114444644086033
96,307,269.0,11.776216015550922,2.9299028031799006
121,234,165.0,11.939554483258815,1.565387437922937
360,244,101.0,29.329056053954968,1.8850662752554912
23,192,155.0,13.977512311118508,2.2686111941601554
138,129,263.0,24.45433541305706,2.009517645315792
251,200,176.0,11.746605071661602,2.1179138025308846
278,270,106.0,15.302812723403353,2.1370397088692856
339,394,161.0,23.834039716104215,2.7151381162486827
131,11,268.0,22.346798933354133,2.2871501322283057
301,88,190.0,16.131560484298152,2.3571899615850587
231,133,162.0,26.385923201608286,1.8377440938669969
108,211,259.0,24.074108019881436,1.5836121839381283
171,243,253.0,16.992001390461617,2.720183440045788
197,121,110.0,19.86235605261582,1.8147659876237352
226,144,157.0,25.655172636291518,1.0890304615047244
143,66,134.0,17.851587451966367,1.6968928548531599
35,21,203.0,4.7812906151542816,2.3122898993074674
257,67,255.0,12.37810134520372,1.9400537098740367
30,24,122.0,14.51211235531106,2.16062147609845
85,266,222.0,28.42970651064298,1.7069337039012888
86,284,233.0,28.136827473966775,1.9251963043438527
133,377,234.0,32.697971842932255,2.484368880922664
275,221,143.0,22.452267855979485,2.3026888270837924
246,323,145.0,26.705948838457513,2.5880406368555837
302,151,179.0,22.03373319051422,1.003052971528601
259,291,145.0,31.00146802577411,2.3142353520200047
274,350,208.0,17.566153657150444,2.305263495947637
229,92,227.0,9.871824479645227,2.312670228204903
230,208,200.0,29.91320183976142,1.8647704224447075
265,351,231.0,22.025108511670624,3.3257633528495294
282,147,192.0,20.151859417904056,2.9336391309227565
76,22,207.0,18.800174553036765,1.7362346639450688
23,195,104.0,25.15690252449405,2.8341995818886154
304,266,172.0,17.160215474714203,1.9618883855628286
202,216,227.0,8.806324916152295,2.1636193446832106
145,255,253.0,7.411929835183139,2.185770471294458
209,382,215.0,12.945184845144581,1.6335361177484236
97,132,230.0,25.04050383677016,2.0341970853101596
75,157,121.0,11.53259855067375,1.969615516201239
253,292,218.0,22.127739901613033,1.5889926301619983
393,250,144.0,19.284764904042618,2.019475526591659
155,169,266.0,30.283351339368814,1.507781449309065
306,159,146.0,13.644357395281283,1.0639643499105542
17,294,120.0,23.498563097260107,1.6315925617095466
227,333,174.0,10.313211760251573,1.1207462668744954
338,114,223.0,23.461701550710366,1.6780064614172767
241,366,96.0,18.96556169554819,2.7657779907390925
92,180,111.0,11.867100759800216,2.244074231938067
137,22,109.0,24.320722570076985,1.7950353189372128
13,313,99.0,18.97481227612557,2.491202517506932
334,110,140.0,15.429648571408798,1.523688173055033
393,32,206.0,7.367187587851493,1.6715619652647171
281,147,203.0,7.16126358331039,1.9153022606668741
307,35,153.0,7.052737341156423,2.400088890727906
91,123,221.0,27.973243065511454,2.623118128333767
246,272,253.0,24.76767223256485,1.4498186726807059
87,243,119.0,11.744266725811347,1.987913769830803
205,59,170.0,23.698592205211295,1.4681148621534725
346,237,266.0,20.115554678681942,2.446195230355345
229,357,145.0,25.015163009245633,2.7059225319859
143,45,267.0,19.002530396873134,1.5887153408139199
290,81,253.0,20.945960827617963,1.33794941576692
151,269,109.0,18.461795576567447,2.317791943644677
28,43,121.0,15.999823654852136,2.428667642393349
109,263,239.0,21.752286464374333,1.3081083341688091
83,103,101.0,24.09499650711735,1.8985695351811855
166,198,127.0,22.414098944489606,1.7473015636060314
33,115,108.0,13.775570974617558,2.447010745493169
265,228,255.0,27.193736030749207,2.1706026569135513
133,311,137.0,24.022483497743906,1.7801107250746169
198,207,102.0,26.49563497940533,1.5466768074268227
324,203,131.0,14.36507201137432,2.6400260781007256
367,8,252.0,10.029839215423632,2.4119898100291643
44,270,151.0,16.870114396666498,2.1306999333331893
208,121,233.0,20.159694400520667,2.10206271651958
315,308,206.0,25.345944908098407,1.8746254462563545
268,71,145.0,15.42979123279256,1.584349002045197
234,93,219.0,13.253047931232079,2.5138654165762557
212,183,247.0,7.164597275029406,1.72473228551299
172,182,235.0,18.210763907996807,1.4698373664747
146,203,136.0,4.417151128707003,2.07041625258878
173,295,177.0,26.43367086393123,2.272915061930116
227,202,194.0,28.983206133752766,1.6847382174769456
58,33,168.0,14.92175562739503,1.921868187246842
148,189,121.0,6.25915795074406,1.9965061572968157
138,269,126.0,19.427707897805227,2.744060774089802
56,345,91.0,16.906769946211245,2.078674604464734
62,94,120.0,20.76118971220105,2.3507267889123296
111,2,95.0,15.70014877717806,2.425298790003413
227,181,218.0,28.765719064706335,2.6612584864593596
187,279,174.0,17.900792170007474,2.1099984407884125
349,364,150.0,11.46923819449514,1.2435733451812068
319,163,219.0,6.700982750153029,1.8271159016050402
57,390,133.0,14.343733228081609,1.632173032111286
217,306,141.0,18.53270106242833,2.0071393443518035
137,65,171.0,20.661667001684137,1.241080428976125
228,86,197.0,15.20580865018838,1.9992520635432829
390,265,264.0,18.99205364758541,2.528189048100558
182,215,213.0,37.908556404355814,2.2366474186074563
139,126,184.0,23.417442049477366,2.1761505736761126
306,149,250.0,15.671134051116997,2.2683758071267985
15,12,250.0,17.6853583907215,2.636731828717374
370,255,134.0,4.592272534664767,2.9324683223525034
313,347,131.0,24.656614786974558,2.1932201795749267
144,102,120.0,26.099643366772558,1.5273518487846625
385,46,206.0,26.172843506938996,1.24481028456363
7,207,255.0,8.76822173705552,1.3485849567205355
140,294,130.0,23.086446149519563,1.601275102097224
267,223,255.0,20.464314991794268,1.2177803836743628
386,85,107.0,19.215482254794704,1.705385810248049
143,218,96.0,19.23384614938683,2.807282379174816
88,118,135.0,26.686636833404243,2.3496342675828146
160,188,127.0,30.079674160395456,2.7414867031153864
79,26,265.0,19.969847657220612,2.475026665616761
223,265,248.0,16.971716191042354,1.67503576970635
98,174,177.0,43.13965928399291,2.0560897633029693
383,249,124.0,21.908482459743357,0.9127087461427881
85,23,173.0,37.91281643370165,1.5108015599575746
193,196,153.0,22.740895513387013,1.8337072822534666
179,395,221.0,27.191441960753004,1.5043449982105233
165,120,170.0,9.925757170858068,2.267249686742809
150,201,134.0,27.929588573192877,1.8533537275687886
244,279,188.0,23.40273719914639,2.330037510649722
150,225,235.0,15.138647074338934,1.5759958634327538
5,262,202.0,31.960157422954246,2.1515612458197633
205,167,205.0,17.68110108763312,2.9138797835623547
217,132,264.0,23.087247050813684,2.098941027629786
171,317,143.0,17.080434672996628,2.4319406447210508
208,212,170.0,24.513767325498502,1.6215219004051569
336,82,237.0,10.563130426922381,2.3480398518986365
82,144,178.0,24.360861022994015,2.1748684237891736
279,1,230.0,26.612855416507188,1.822011391865072
188,356,198.0,22.143080052368163,2.35621949231619
304,158,256.0,4.6897205777277335,1.8117610832562454
273,114,180.0,29.604095742075934,2.373624268331713
29,373,110.0,29.407949506024135,1.2609873220026278
263,100,209.0,29.11334133848867,1.6325102900205777
111,48,171.0,6.568341386751955,2.6108496940924875
212,17,187.0,14.798714125140057,1.2807842848514543
251,328,104.0,15.277743536848181,1.6454326559455559
206,78,226.0,5.452400914206457,0.6001541719304724
201,175,248.0,25.369907498491575,2.3840418576275133
203,166,252.0,25.139089615811084,3.1680584588446727
142,119,92.0,23.544008414586973,1.8029276400060077
65,174,217.0,26.699375234015125,2.8461836154872127
25,49,214.0,18.553432048991116,2.233489624478966
293,178,114.0,19.34769169624029,2.001749854643006
397,394,110.0,20.471565403323616,2.27979389666946
205,303,251.0,14.06300030854183,1.5802189254843242
218,219,145.0,16.62086416008787,2.9156661280343923
104,213,233.0,20.961267872953503,2.0947445939763103
204,302,236.0,8.29861695837608,2.167933129211543
162,220,164.0,13.044819457120838,1.4044976167379128
223,243,213.0,8.571041623764419,1.9134442024387643
131,225,113.0,29.092750086105063,1.333877577658435
200,271,188.0,22.638837435562223,2.3683156371959506
196,207,250.0,16.957629282586762,1.7418909449486721
78,88,144.0,29.748370232315104,1.982032118604641
155,262,225.0,27.394709453434135,2.8530063025589887
161,206,242.0,19.80903524718901,1.7993995221264973
239,321,98.0,26.465049852797197,2.7141592642013226
34,311,176.0,18.986080769471414,2.1523276048152535
56,163,116.0,19.922867188002698,1.5243913338364774
198,344,235.0,21.783273421460535,2.1287256599567512
189,266,239.0,24.74652024372129,2.0072248869199067
171,186,145.0,13.312066021920472,1.5627233877857272
204,336,135.0,31.07379936910997,1.1905879891844648
163,302,109.0,20.052705813497123,2.187735551711863
185,191,145.0,10.492337803933598,1.9249496304506373
81,316,169.0,13.74516487713081,2.2517768476954294
59,379,231.0,21.530418832886994,1.914631129355251
273,97,130.0,14.17049687082341,2.275442543145904
74,244,98.0,16.632073755750827,2.3619026982446516
134,68,106.0,26.92858624951004,0.6839744305067774
132,371,216.0,31.692192351379873,2.123806445759591
53,302,235.0,17.527084174519125,2.4582866841726148
155,286,139.0,33.882147054336244,1.0097527611547883
146,80,182.0,16.964618687745478,1.3681693718924937
274,371,230.0,33.37703504824982,2.487238427735355
142,83,184.0,11.451769984374543,0.8363244131469851
266,319,256.0,24.78130739249857,0.8647654562902782
374,91,98.0,12.06741315097618,2.332315297719528
238,332,113.0,10.99258477547658,2.547665397391589
329,189,258.0,22.00730726240645,1.7910187013318004
112,359,132.0,12.152938167780853,2.4066283856528723
278,117,195.0,17.713952840095402,2.1645948081820454
289,212,175.0,26.349406464598076,1.7872446473029608
323,59,232.0,8.12638323541143,1.8517863332347064
50,240,137.0,21.901243092604084,2.3065200473632967
226,360,132.0,12.527097550299647,1.7876001525865592
364,307,139.0,17.948786416036093,2.0998971501087076
98,175,169.0,37.436494074653424,2.2695760979544946
185,63,251.0,11.14378126466271,2.651208338479557
166,231,250.0,27.076312270281676,2.5198755554338588
282,286,176.0,25.890821121625244,1.7887223188742063
95,98,175.0,27.022341767895124,2.0530358359755563
106,128,173.0,15.92866556975682,2.7165304598889297
204,229,235.0,18.70794037398514,2.1151465507175584
189,321,139.0,33.716594963487566,1.327066803965418
176,302,215.0,19.916152804062474,2.326913330548767
356,70,239.0,31.901066605884452,1.933857966268458
219,191,132.0,23.46935204745178,1.642621674310817
199,196,221.0,5.323110005160737,2.3365803700354677
337,139,108.0,29.605353271690987,1.8740651596831246
120,188,202.0,36.12262520860307,2.198401575137741
149,217,205.0,23.372965232621432,2.2062482071604017
328,164,193.0,6.311134566655484,1.6777761718058224
137,224,195.0,23.47464588326049,1.7132975887005855
244,0,156.0,27.244556423386737,1.4541608099631578
104,298,216.0,19.724775642084083,1.3990711718640731
48,203,174.0,19.557722507197326,2.1777891685458055
197,172,183.0,1.1838548057496858,2.1768596096281927
215,103,184.0,13.676870104713549,2.4570322413236845
61,84,158.0,20.00903424969705,0.8391009834981336
0,242,208.0,15.74144623898177,1.8880895110770919
275,185,122.0,6.578419288330348,1.441797497122152
33,195,102.0,36.23574923294096,2.2988377149614436
224,295,235.0,23.070250294505005,1.9339974419650778
218,304,222.0,22.625296284219868,2.206815423110533
284,297,131.0,16.001462294823042,1.696849127547796
139,94,141.0,21.649994910354557,2.4572918931180125
170,242,106.0,15.334088203249909,1.898264867983449
317,163,111.0,20.942279419256536,0.7958018226261072
157,372,211.0,17.3148354415684,1.011621375984737
127,23,163.0,16.26890328626539,1.800975271056202
188,171,146.0,15.061737047871631,2.6156787825708014
297,112,258.0,28.484552661084138,1.0826027797787465
52,170,108.0,16.884293245315835,2.356317300089621
286,151,147.0,19.815062552237006,2.049684884791391
322,54,239.0,27.135222943152623,2.149346104775272
170,205,190.0,21.07299082338784,2.770551971991263
199,259,146.0,20.093987632843223,2.2449034688756955
298,264,143.0,21.37990633980596,2.137123903647978
147,296,152.0,17.7227874999027,2.3700533989705104
12,59,257.0,16.09472301877318,1.0336683386388716
135,345,225.0,5.40008317869211,1.3564812009555256
149,293,96.0,27.62979771215572,1.5887706397533397
266,336,105.0,29.029687710339758,2.0985984821194767
338,5,220.0,14.041041723036987,1.7300328711398836
123,142,199.0,9.66587071497973,2.945255412589804
370,85,178.0,18.699625365038518,2.1462302838835052
301,183,227.0,15.11197133562557,0.8220406132697258
11,335,187.0,16.425773652920093,2.1209909289962896
212,201,202.0,14.367362315056322,0.5599501919829295
221,216,154.0,21.02967441626563,1.8903903520918182
272,63,154.0,22.119526125377284,1.7283757495987255
211,322,118.0,22.92309960249414,1.3097856594741644
323,27,221.0,18.222554760133548,1.4599154937286736
134,143,210.0,27.87132830179577,1.4449581117491876
7,31,154.0,24.597836001068288,2.2439288906474024
290,121,137.0,25.882790777115805,1.363048274963536
210,91,233.0,17.999819263468016,2.7072910823081826
313,255,209.0,16.069257249465487,2.365932956919298
224,98,222.0,23.624116063279775,2.2399443807179558
8,299,194.0,21.208669260779768,2.1214180899514665
41,194,226.0,24.100649637852808,2.4932114636011846
165,186,152.0,23.69960708874209,2.1582599704961773
304,346,235.0,11.363300665260503,2.7930680666754775
307,48,158.0,19.65618705115993,2.379568868598863
264,367,166.0,31.84082747103851,2.453096256590988
211,226,160.0,28.651706944171714,1.7136436139236833
159,101,100.0,20.549339302573465,1.7998127726312265
110,116,116.0,5.855551010417328,1.0064564531500082
105,157,150.0,13.676497399234293,2.197603651213944
263,258,207.0,21.532575843184,2.2116073339919704
358,149,194.0,21.26320545340733,2.315568519419343
80,290,141.0,17.468666411904504,2.3086905813001786
91,108,235.0,29.99459995340579,1.831729411303353
309,83,170.0,32.70264422458595,1.8663291492908582
229,374,122.0,15.357362715723129,2.465726745674499
325,261,250.0,23.25640553791217,2.786154034291078
183,76,133.0,29.77934135776085,1.4745036038514923
222,144,169.0,24.80431872906196,1.6358147455586582
85,43,181.0,33.821387070269566,2.064437028268421
352,127,168.0,30.9737266164579,1.89014338198069
113,213,232.0,13.344150591389898,1.274290777342948
344,167,121.0,23.020499906415317,2.8696147114205464
108,360,210.0,22.00252793245,1.9358189632002558
131,223,230.0,16.123718881347855,1.8209849337204735
284,134,95.0,18.984700030863653,1.9234043831621381
213,336,259.0,0.0,0.610977712608707
147,305,108.0,32.162263174359495,2.4804304618107453
216,338,167.0,27.64743486118674,2.8074362567679074
239,121,135.0,15.097645889357008,1.755233285492642
245,283,236.0,31.51879984215003,1.2164659640738904
70,43,103.0,24.446369469333252,2.51692292854976
0,235,244.0,35.30014373637002,2.2244817386376696
261,274,187.0,26.315154031615574,1.229631317320502
245,134,136.0,29.976621646622945,2.2949450031036775
179,200,152.0,28.61203755008294,1.672809870784365
185,211,177.0,19.93285619804291,1.6982899681999715
211,139,196.0,18.972450063397723,2.7126865069803405
131,240,166.0,15.711553675261534,2.521564570217669
73,29,214.0,24.502422070286574,1.992177037582358
205,160,255.0,14.314681957620571,1.195926250104412
200,218,127.0,22.153037274520294,1.9398264276446109
104,255,114.0,31.978113104825177,2.0814296066045768
45,386,142.0,0.0,2.157469556368382
283,59,253.0,20.88001256743395,1.7429232833644521
31,177,147.0,11.829110487418909,1.535370059036107
64,171,131.0,30.13179457045672,1.3611597771001278
181,309,175.0,35.673932940158835,2.020265996560643
152,345,201.0,12.588897415815147,1.5876473917673926
269,289,200.0,27.518055872933004,1.1699832809756057
198,202,266.0,15.884648796744063,2.189483994132849
160,60,102.0,22.951513304185436,0.7926472465499805
392,133,256.0,20.772417818481053,2.6898308094391545
91,200,133.0,33.865103971337426,2.565136419164679
273,321,169.0,29.545717966327075,1.7226684234552914
48,175,188.0,17.42881110424548,2.4500981343586057
281,126,93.0,22.755163558244156,2.8642271079394694
186,13,259.0,24.699510762406696,1.688082331103633
276,330,190.0,18.35936113420437,1.2745194492731922
102,250,167.0,23.042330841764414,0.8484983813926359
116,392,135.0,18.83789848579624,2.1842966752041906
143,315,94.0,21.665709322215594,0.12415793324426083
23,195,181.0,7.947441676928213,1.5989088700326999
119,256,222.0,26.035517213537176,1.5137759834005289
159,224,161.0,17.541149605143435,2.413716209431497
272,167,96.0,27.81138494233109,1.2824490217349753
209,321,245.0,19.84556267815935,1.7507754034454535
198,119,242.0,13.935683720826034,1.3894954320214046
199,315,95.0,18.830686354682648,2.0867648072163654
2,297,149.0,19.279102279892108,2.539823427793663
69,24,151.0,12.128803289427573,1.8147684842130218
34,227,211.0,17.67720286911323,1.4149374051409085
61,204,261.0,23.37069620023147,1.7782484512256382
200,196,202.0,24.150470418468654,1.3293791608962313
190,215,203.0,14.889074378863981,1.0655661094586606
96,208,126.0,26.13578873346406,1.93104554248787
359,361,140.0,27.57849642203444,2.5348153387688237
325,263,212.0,23.351940746296695,2.017393551064087
305,42,171.0,11.82816569291363,1.55959361326005
248,64,219.0,27.812770052386423,2.7260834282331294
37,158,153.0,22.001525838410444,2.3019358669734546
